Participant ID,Session ID,Noisetype,Brightness,Cutoff,Size
Test1,01,1,0.0745006874203682,0.8999999761581421,1.0
Test1,01,1,0.04830024391412735,0.8999999761581421,1.0
Test1,01,1,0.044300176203250885,0.8999999761581421,1.0
Test1,01,1,0.041300125420093536,0.8999999761581421,1.0
